<?xml version="1.0" encoding="UTF-8" ?>
<!DOCTYPE mapper PUBLIC "-//mybatis.org//DTD Mapper 3.0//EN"
        "http://mybatis.org/dtd/mybatis-3-mapper.dtd">
<mapper namespace="com.zlt.mapper.UserMapper">
    <resultMap id="userMap" type="com.zlt.entity.User">
        <!--主键-->
        <id column="id" property="id"/>
        <!--普通字段-->
        <result column="user_name" property="userName"/>
        <result column="password" property="password"/>
        <result column="salt" property="salt"/>
        <result column="state" property="state"/>
        <result column="u_state" property="uState"/>
        <result column="o_id" property="oId"/>
        <result column="user_phone" property="userPhone"/>
        <result column="reg_time" property="regTime"/>
    </resultMap>
    <!--parameterType 参数类型 resultType 返回类型-->
    <select id="selectUserByName" parameterType="java.lang.String" resultType="com.zlt.entity.User">
        select * from user where user_name = #{user_name}
    </select>
    <insert id="insert" parameterType="com.zlt.entity.User" >
insert into user( id,user_name,password,salt,state,u_state,o_id,user_phone,reg_time)
values
(#{id},#{user_name},#{password},#{salt},#{state},#{u_state},#{o_id},#{user_phone},#{reg_time})
    </insert>
    <update id="update" parameterType="com.zlt.entity.User">
        update user set password=#{password},user_name = #{user_name} where id = #{id}
    </update>
    <delete id="delete" parameterType="java.lang.String">
        delete from user where id = #{id}
    </delete>
    <select id="selectAll"  resultMap="userMap">
        select * from user
    </select>
    <select id="selectUser" resultType="com.zlt.entity.User" parameterType="java.lang.String">
        select * from user  where user_name = #{user_name} and password = #{password}
    </select>
    <select id="selectUser2"  resultMap="userMap" parameterType="com.zlt.entity.User">
        select * from user
        <where>

        <if test = "userName !=null">
            user_name = #{userName}
        </if>
        <if test="userPhone !=null"  >
            and user_phone = #{userPhone}
        </if>
        </where>
    </select>
    <update id="updateUser" parameterType="com.zlt.entity.User">
        update user
        <set>
            <if test="userName !=null">
                user_name =#{userName},
            </if>
            <if test="userPhone !=null">
                user_phone =#{userPhone},
            </if>
        </set>
        where id = #{id}
    </update>
    <insert id="insertUsers" parameterType="list">
insert into user( id,user_name,password,salt,state,u_state,o_id,user_phone,reg_time)
        values
        <foreach collection="users" item="user" separator=",">
            (#{user.id},#{user.userName},#{user.password},#{user.salt},#{user.state},#{user.uState},#{user.oId},#{user.userPhone},#{user.regTime})
        </foreach>
    </insert>
</mapper>