<?xml version="1.0" encoding="UTF-8" ?>
<!DOCTYPE mapper PUBLIC "-//mybatis.org//DTD Mapper 3.0//EN" "http://mybatis.org/dtd/mybatis-3-mapper.dtd" >
<mapper namespace="com.zlt.app.mapper.GroupMapper" >

    <insert id="insertGroup" parameterType="com.zlt.app.entity.Group" useGeneratedKeys="true" keyProperty="gid">
        insert into group_info (group_name,group_desc,creator,create_time,state)
        values (#{groupName},#{groupDesc},#{creator},#{createTime},#{state})
    </insert>
    <insert id="batchInsertGroupMember" parameterType="list">
        insert into group_member (gid,uid,enter_time,state,status)
        values
        <foreach collection="list" item="item" index="index" separator=",">
            (#{item.gid},#{item.uid},#{item.enterTime},#{item.state},#{item.status})
        </foreach>
    </insert>
    <!--查询我的群聊-->
    <select id="selectMyGroup" resultType="com.zlt.app.entity.Group">
        select g.gid,g.group_name,g.group_desc,g.create_time,g.creator
        from group_member gm left join group_info g on gm.gid= g.gid where gm.uid = #{uid} and g.state= 0 and gm.status= 0

    </select>
    <select id="selectGroupCreator" resultType="com.zlt.app.entity.User">
        select user_info.uid,user_name,phone,did
        from group_info left join user_info on group_info.creator = user_info.uid
        where gid = #{gid}
    </select>

    <select id="selectGroupMembers" resultType="com.zlt.app.entity.User">
        select user_info.uid,user_info.user_name,user_info.phone,user_info.did
        from group_member left join user_info on group_member.uid = user_info.uid
        where gid = #{gid} and status = 0
    </select>


    <!--    查询不是第一次加群的用户-->
    <select id="selectNotFirstJoinMembers" resultType="com.zlt.app.entity.User">
        select gid,uid,enter_time,state,`status`
        from group_member
        where gid = #{gid} and uid in
        <foreach collection="list" item="item" index="index" open="(" separator="," close=")">
            #{item}
        </foreach>
    </select>

    <select id="notExistMembers" resultType="com.zlt.app.entity.User">
        SELECT uid,user_name,phone,did
        from user_info
        WHERE uid NOT in(select m.uid from  group_member m left join user_info u on m.uid=u.uid
        where  gid=#{gid} and m.status = 0 ) and did = #{did}
    </select>

</mapper>